"search-number","evaluation","exploration-probability*","exploration-radius*","num-replicates","best-fitness-so-far","recheck-replications","best-fitness-rechecked"
"1","300","0.03143358510719463","9.848859388113222","5","2.8131326175926554E8","10","1.0320448178238815E8"
"2","300","0.04415960936903945","6.444724193179217","5","9.445016030913521E8","10","1.5257547326018126E9"
"3","300","0.04882887006942855","3.409246967269398","5","5.442370939809724E9","10","5.497322887755242E9"
"4","300","0.03234912642099642","7.130159456778821","5","2.8433887966294885E8","10","3.0633315955760014E8"
"5","300","0.13232623788815137","9.826428625925079","5","4.58693419283869E10","10","4.562905662976979E10"
