"search-number","evaluation","exploration-probability*","exploration-radius*","num-replicates","best-fitness-so-far","recheck-replications","best-fitness-rechecked"
"1","300","0.023224231326771955","8.7256427862974","4","4356.867363456724","8","12843.753588519583"
"2","300","0.021881437399862667","10.333485923552301","4","5501.015179819486","8","9724.223862179148"
"3","300","0.021149004348821242","10.577325093461509","4","5065.435064139776","8","13947.387987018461"
