"search-number","evaluation","exploration-probability*","exploration-radius*","num-replicates","best-fitness-so-far","recheck-replications","best-fitness-rechecked"
"1","300","0.04267948424505989","8.723506523231862","4","16642.513760198606","8","9734.77089362999"
"2","300","0.021881437399862667","10.333485923552301","4","5501.015179819486","8","9724.223862179148"
"3","300","0.021179522392614634","10.577935454337377","4","14835.900910971483","8","7937.666711062688"
