"search-number","evaluation","exploration-probability*","exploration-radius*","num-replicates","best-fitness-so-far","recheck-replications","best-fitness-rechecked"
"1","152","0.04267948424505989","9.036011291676203","4","18726.51377769091","8","16816.749029961604"
"2","152","0.017959868772411687","10.270160982681011","4","13532.490996477281","8","23802.502553014492"
"3","152","0.021179522392614634","10.577935454337377","4","14835.900910971483","8","7937.666711062688"
