procedure,calls,inclusive_time,exclusive_time
RECOLOR-PATCHES,35040,391.965415,391.965415
DOCK,89151,264.139437,126.723658
GO,35040,1583.158513,722.446575
UPDATE-BIOLOGY,35040,564.373162,172.407747
FISH,43978,30.627202,30.627202
PICK-DESTINATION,89151,137.415779,137.415779
SETUP-MPA,1,1.572137,1.572137
